Epsilon,N_Iter,F_Call_Count,Grad_Call_Count,X_min_x,X_min_y,F_min
0.1,182,1640,457,0.03979272294942335,-0.0002758598716805996,0.0015910706666099274
0.01,290,2610,726,0.0037722797765867145,-2.8160187861115906e-05,1.4309394330882448e-05
0.001,392,3527,978,0.0004090712253385582,-2.6618197262784107e-06,1.6804779582550994e-07
0.0001,500,4497,1248,3.8779228867788554e-05,-2.7172253466141053e-07,1.5112119051646072e-09
1e-05,608,5467,1517,3.6762023296449617e-06,-2.7737842316635874e-08,1.35914023581253e-11
1e-06,710,6384,1771,3.98652454389542e-07,-2.6218978441110224e-09,1.5961121422130127e-13
1e-07,818,7354,2040,3.779154780364482e-08,-2.676472492828083e-10,1.435364590400037e-15
1e-08,920,8271,2294,4.098167602368532e-09,-2.52991468430105e-11,1.685898238020146e-17
