Step,N_Iter,X_min_x,X_min_y,F_min
0.1,7,inf,inf,nan
0.01,8,nan,inf,nan
0.001,43803,1.0000000111778016,1.0000000224003325,1.2514331733232854e-16
